{"cameraMode":{"drawMode":0,"name":"Shaded","section":"Shading Mode"},"sceneLighting":true,"audioPlay":false,"sceneViewState":{"m_AlwaysRefresh":false,"showFog":true,"showSkybox":true,"showFlares":true,"showImageEffects":true,"showParticleSystems":true,"showVisualEffectGraphs":true,"m_FxEnabled":true},"in2DMode":false,"pivot":{"x":3.5547080039978029,"y":-2.1708247661590578,"z":3.2274587154388429},"rotation":{"x":0.20424196124076844,"y":-0.12153054028749466,"z":0.025558164343237878,"w":0.9710458517074585},"size":10.752518653869629,"orthographic":false}