{"cameraMode":{"drawMode":0,"name":"Shaded","section":"Shading Mode"},"sceneLighting":true,"audioPlay":false,"sceneViewState":{"m_AlwaysRefresh":false,"showFog":true,"showSkybox":true,"showFlares":true,"showImageEffects":true,"showParticleSystems":true,"showVisualEffectGraphs":true,"m_FxEnabled":true},"in2DMode":false,"pivot":{"x":11.461662292480469,"y":-10.707742691040039,"z":13.018509864807129},"rotation":{"x":0.07666100561618805,"y":-0.5248169898986816,"z":0.04750966653227806,"w":0.8464572429656982},"size":52.3542594909668,"orthographic":false}