{"cameraMode":{"drawMode":0,"name":"Shaded","section":"Shading Mode"},"sceneLighting":true,"audioPlay":false,"sceneViewState":{"m_AlwaysRefresh":false,"showFog":true,"showSkybox":true,"showFlares":true,"showImageEffects":true,"showParticleSystems":true,"showVisualEffectGraphs":true,"m_FxEnabled":true},"in2DMode":false,"pivot":{"x":2.6484639644622804,"y":2.4456756114959719,"z":2.0583553314208986},"rotation":{"x":-0.04981397092342377,"y":0.9421851634979248,"z":-0.1614963710308075,"w":-0.28954726457595827},"size":0.6359251737594605,"orthographic":false}