{"cameraMode":{"drawMode":0,"name":"Shaded","section":"Shading Mode"},"sceneLighting":true,"audioPlay":false,"sceneViewState":{"m_AlwaysRefresh":false,"showFog":true,"showSkybox":true,"showFlares":true,"showImageEffects":true,"showParticleSystems":true,"showVisualEffectGraphs":true,"m_FxEnabled":true},"in2DMode":false,"pivot":{"x":-0.5840256214141846,"y":1.1794182062149048,"z":0.0005962848663330078},"rotation":{"x":-0.33055081963539126,"y":-0.06868141889572144,"z":0.02424146793782711,"w":-0.9410287737846375},"size":13.327332496643067,"orthographic":false}